family,label,r2_pretrained,r2_untrained,r2_random_proj,r2_pretrained_cls,n_targets,gain,error_removed,error_removed_mean_of_targets
fc,Global FC,0.9090097780980253,0.7597893054999714,0.00376320333091035,0.8336270463950861,2,0.14922047259805393,0.6212066157530557,0.6019485538825327
netfc,Network FC,0.7844768481514641,0.5872974250098679,0.004136305733029668,0.6814031366113638,28,0.1971794231415962,0.4777760912839249,0.49311168135464617
ac1,Lag-1 autocorrelation,0.8721322012236682,0.8309529314151579,0.0004876710909538857,0.8187556269906988,7,0.04117926980851028,0.24359647377051702,0.242350324707282
slope,Aperiodic spectral slope,0.8340290127999389,0.7902067436134353,0.0011735796736360427,0.7667856006489486,7,0.04382226918650356,0.2088831163655553,0.21168309188924384
falff,fALFF,0.808891143527139,0.7826233054880353,0.003195313066337847,0.7319036859225359,7,0.026267838039103708,0.12084017607351136,0.12483980580906211
var,"Amplitude, after scaling",0.8019270152238466,0.7958544413993829,0.007458935314265143,0.6729791227225289,7,0.0060725738244636895,0.029746294095693997,-0.019605065694028395
rawalff,Raw ALFF,0.7012629014738103,0.6784853366638277,0.005483368076316286,0.6240422166340933,7,0.02277756480998261,0.07084455985189898,0.07878679799841681
rawvar,Raw parcel SD,0.453095506803797,0.3963522982938204,0.0026598584526161145,0.3929898393891397,7,0.056743208509976606,0.09400053764736419,0.10679213628116427
iqr,Parcel IQR (the divisor),0.4269527708288035,0.3308699524113137,-0.0007236228783125858,0.3557630904444467,7,0.09608281841748983,0.14359363888042254,0.15698284365723286
window,Window index in run,0.356721043967787,0.3199992592882736,0.0367506331059207,0.305069840190597,1,0.03672178467951337,0.05400256570467603,0.05400256570467603
runphase,Phase-encoding direction,0.0596175550491204,0.0681965760403617,-8.102522764663611e-05,0.0108874460667407,1,-0.008579020991241297,-0.009206900050640843,-0.009206900050640843
session,Session (REST1 vs REST2),0.009516218788458,0.0029792785952417,3.9778230397469194e-05,0.0023205101273997,1,0.0065369401932163,0.006556473755135205,0.006556473755135205
