feature,family,r2_pretrained,r2_untrained,gain,error_removed,r2_random_proj,r2_pretrained_cls
fc_mean,fc,0.9452712253449244,0.7355790233781105,0.20969220196681382,0.7930240809399346,0.0062594074918276,0.8538251625139964
netfc_Sens__DorsSal,netfc,0.8728715239578182,0.6525738708439337,0.2202976531138845,0.6340848733772848,0.0043026764384884,0.7848261708142771
netfc_Visu__Sens,netfc,0.8680163441774382,0.6662123729447262,0.201803971232712,0.6045879321922683,0.0051803189671733,0.7928638003988208
netfc_Visu__DorsSal,netfc,0.8544602561101915,0.6355951286871768,0.21886512742301467,0.6006097740530203,0.0017845540438067,0.7711349864680148
netfc_VentSal__DefaMod,netfc,0.8547794861498761,0.6422857405086175,0.21249374564125856,0.5940320800836782,0.0061438412104035,0.7541015113808553
netfc_DorsSal__DefaMod,netfc,0.841015480127805,0.6229993569050778,0.21801612322272723,0.5782911175773102,0.0059415452617241,0.7460745064784124
netfc_Sens__DefaMod,netfc,0.866978238432472,0.6849668817607821,0.18201135667168988,0.5777530873229685,0.0051864340476569,0.7832536822641085
netfc_Visu__CentExe,netfc,0.8035421136883055,0.5352256659696413,0.26831644771866425,0.5773047865873291,0.0054340945859961,0.6896947790641247
netfc_Sens__Sens,netfc,0.9027300294966022,0.7710220991764157,0.13170793032018646,0.5751993089571585,0.0053174245877397,0.820668814571268
netfc_Sens__VentSal,netfc,0.8883943707360061,0.7385828689239461,0.14981150181206004,0.5730745387473305,0.0052796178512315,0.8003647887893195
netfc_VentSal__CentExe,netfc,0.8337042964712823,0.611972380364231,0.22173191610705134,0.5714333333157703,0.0057262431943877,0.7072639202473994
netfc_DorsSal__CentExe,netfc,0.8001999017244289,0.5393465058963214,0.2608533958281075,0.5662681368251982,0.0058682077330268,0.6645707436798411
netfc_Sens__CentExe,netfc,0.8126071212220903,0.5720819374283039,0.2405251837937864,0.5620823349878747,0.0069462487055094,0.688356696300558
netfc_Visu__Visu,netfc,0.8670877113825745,0.6989951434056931,0.16809256797688132,0.5584380593680447,0.0017855914660561,0.8078473404127813
netfc_Visu__DefaMod,netfc,0.8340182018338899,0.6376564505096491,0.19636175132424072,0.5419214764563369,0.005581793705697,0.7506644491810867
netfc_Visu__VentSal,netfc,0.8245990076420924,0.6182050984157155,0.2063939092263769,0.5405884373257238,0.0031995362927546,0.745232344459138
netfc_CentExe__DefaMod,netfc,0.7933051951650085,0.5643207570845579,0.22898443808045066,0.525580324984389,0.0043047806499928,0.652633983613703
netfc_VentSal__DorsSal,netfc,0.8065612047686492,0.5979084666611143,0.20865273810753493,0.5189185068755996,0.0024711416620495,0.7060362872792185
netfc_CentExe__CentExe,netfc,0.7699963399154497,0.5798507906727848,0.1901455492426649,0.45256671920707625,0.0031013022245474,0.6399092297281376
netfc_DorsSal__DorsSal,netfc,0.7380363796585743,0.5241467796177423,0.21388960004083202,0.44948650314694166,0.0013761885114752,0.6359251365315669
netfc_CentExe__Subc,netfc,0.7482075686278702,0.5456905621790893,0.2025170064487809,0.4457688737882072,0.0043641489689031,0.6283894765807212
ac1_Visu,ac1,0.9198400287685268,0.857627918257813,0.062212110510713736,0.43696846846258736,0.0027727942106786,0.8966239418601935
ac1_Sens,ac1,0.9280620007208102,0.8759246484861565,0.05213735223465377,0.4202071692606619,0.0052286721380282,0.8701173694041606
fc_sd,fc,0.8727483308511264,0.7839995876218321,0.08874874322929427,0.41087302682513066,0.0012669991699931,0.8134289302761758
netfc_DefaMod__Subc,netfc,0.6770246957149613,0.4555696183853711,0.2214550773295902,0.4067647302724292,0.0049073109522125,0.5579684880880218
netfc_VentSal__VentSal,netfc,0.7985145186924432,0.6790051213194699,0.11950939737297328,0.37230935853003094,0.0023172169518292,0.7035267534716991
netfc_DorsSal__Subc,netfc,0.6142171989333538,0.3911839774531365,0.22303322148021731,0.3663392769250737,0.0030774848023179,0.4877631011772574
slope_Visu,slope,0.8827626996794539,0.8161881897499814,0.06657450992947245,0.3621884243396472,0.0042836058210343,0.8552243273489974
netfc_VentSal__Subc,netfc,0.6566380531312075,0.4774972131530222,0.1791408399781853,0.34285145359549857,0.0034712315896883,0.530321599528508
var_DorsSal,var,0.8247073877499953,0.737479165771318,0.0872282219786773,0.3322716165936482,0.0065106118225861,0.6898318397472565
slope_Sens,slope,0.898783205489037,0.8484324727222918,0.050350732766745177,0.3322000013531297,0.0066239245312578,0.8273484035936942
netfc_Visu__Subc,netfc,0.5759408336884917,0.3693280587317245,0.20661277495676722,0.32760736832729676,0.0024925207004296,0.4706711095673944
netfc_Sens__Subc,netfc,0.6275190222664908,0.4472811521446389,0.18023787012185188,0.32609322229774523,0.0049614834057849,0.50620842605686
netfc_DefaMod__DefaMod,netfc,0.7726611689510353,0.6645037774890995,0.10815739146193581,0.3223803554402813,0.0024278186335289,0.6838815871672763
netfc_Subc__Subc,netfc,0.6617254855745862,0.52032012364432,0.1414053619302662,0.29479110736222525,0.0028658033804196,0.5691341118178166
ac1_DorsSal,ac1,0.8582261038719445,0.8004360501061886,0.057790053765755967,0.2895816293298776,-0.0015278856124565,0.7923614124167104
iqr_Visu,iqr,0.7130855348226699,0.6024573277218077,0.11062820710086219,0.27828008114672736,0.0010502716541731,0.6679161545525989
slope_DorsSal,slope,0.818717177417563,0.752312042808915,0.06640513460864805,0.2680999728921748,-0.0012895979175495,0.738183970539807
falff_Visu,falff,0.8673007483550744,0.8199021310821862,0.04739861727288819,0.2631825548947399,0.005617282399818,0.8228627275888949
falff_Sens,falff,0.8797082979454142,0.8388287528831551,0.040879545062259104,0.2536404339703502,0.0075884187927535,0.7952115464589821
iqr_Sens,iqr,0.6265270497107425,0.5020516384053557,0.12447541130538675,0.24997654557344678,0.0005598180268417,0.5656565203816177
ac1_Subc,ac1,0.7548706598319902,0.6814783824010628,0.07339227743092736,0.23041537332432613,0.0016207470756903,0.6985067309595141
rawalff_Visu,rawalff,0.8008963381563742,0.7456071072950449,0.05528923086132931,0.217337954191408,0.0070453685555492,0.7490434019721776
rawvar_Sens,rawvar,0.6465653247330762,0.5528637121934517,0.0937016125396245,0.20955940077975535,0.0057784766800464,0.5632754523118755
rawalff_Sens,rawalff,0.8026104012000796,0.751037976679987,0.0515724245200927,0.20714976457996595,0.0084115530400475,0.7119625627930444
rawvar_Visu,rawvar,0.7130935893538972,0.6415679574136095,0.07152563194028771,0.1995514447429693,0.0047712315123181,0.6681168226716554
falff_DorsSal,falff,0.7956139907724894,0.745901380540405,0.0497126102320844,0.1956429764861015,0.0013512174519401,0.7041206575019119
slope_Subc,slope,0.7098386084328205,0.647202897386502,0.06263571104631849,0.1775403215681683,0.0029856970265508,0.6422503296380591
iqr_Subc,iqr,0.2331786805930166,0.1102786058630737,0.12290007472994291,0.13813321286846436,-0.0011821172798214,0.1374122085107206
iqr_DefaMod,iqr,0.3195277925415432,0.2219355262461086,0.09759226629543458,0.12542953648119384,-0.0022195011956258,0.2218783830931406
slope_DefaMod,slope,0.8351135792138584,0.8118094642507555,0.023304114963102918,0.12383255550191223,-0.0024786160351644,0.7639584805368994
ac1_VentSal,ac1,0.881778216684027,0.8663486120240385,0.01542960465998855,0.11544664738359252,0.0001395604171706,0.8180038341837824
ac1_DefaMod,ac1,0.8716190693744329,0.8552568709772138,0.016362198397219085,0.11304300596295155,-0.0026249898513421,0.8181517745946303
slope_CentExe,slope,0.854200854688423,0.8357887281679799,0.018412126520443106,0.11212462040533848,-0.0021627286985492,0.7849693671490101
iqr_VentSal,iqr,0.3897467369480706,0.3158584950096909,0.07388824193837973,0.10800140234062594,-0.0002835589786953,0.3352487349625163
slope_VentSal,slope,0.8387869646784164,0.8197134102076216,0.01907355447079484,0.10579574716433607,0.0002527729878725,0.7555643257361727
iqr_CentExe,iqr,0.2774213318280563,0.1969124323993979,0.08050889942865838,0.10024921649477916,-0.0022200043698143,0.1774272992700249
iqr_DorsSal,iqr,0.4291822693575255,0.3665956412337612,0.06258662812376431,0.09880991069539244,-0.0007702680052461,0.3848023323405081
falff_Subc,falff,0.6910784984154724,0.658572602238847,0.03250589617662547,0.09520588092747351,0.0045871424195395,0.6168618163248634
rawalff_DorsSal,rawalff,0.6385785327723477,0.6015801680364863,0.03699836473586138,0.09286275874753543,0.0043215629041287,0.5614251362172231
rawvar_Subc,rawvar,0.2548577687687015,0.1787620985176296,0.07609567025107189,0.09265971542925122,0.0010546369707274,0.19795193061638
ac1_CentExe,ac1,0.8905293293139457,0.8795980376536316,0.010931291660314035,0.09078997922697687,-0.0021952007410919,0.8375243255159001
rawvar_VentSal,rawvar,0.4533494209146997,0.4054506489051444,0.047898772009555335,0.08056315581095222,0.0034558323883983,0.3877692417113645
rawvar_DorsSal,rawvar,0.463350239603537,0.421069107840899,0.04228113176263798,0.07303312422135919,0.0026770251702697,0.4093531332581274
window_index,window,0.356721043967787,0.3199992592882736,0.03672178467951337,0.05400256570467603,0.0367506331059207,0.305069840190597
falff_DefaMod,falff,0.8041258480047592,0.7938059113813702,0.010319936623388926,0.050049624082465154,-5.5698867607034686e-06,0.7236599629355066
rawalff_Subc,rawalff,0.6067088173850166,0.5869846049506937,0.019724212434322874,0.04775660343597646,0.0064567572546878,0.526646453866322
rawvar_CentExe,rawvar,0.3160295599544317,0.2821648096350392,0.03386475031939251,0.04717621924076339,0.0006822485431757,0.2559515761854608
rawvar_DefaMod,rawvar,0.3244226442982357,0.2925877535509692,0.031834890747266475,0.04500189374309924,0.0001995579033772,0.2685107189691141
rawalff_VentSal,rawalff,0.7107282006863933,0.7024937764038339,0.008234424282559383,0.027678158066826736,0.0059938016776246,0.6208017549690494
var_DefaMod,var,0.7742472562655981,0.7687923290918092,0.005454927173788926,0.023593192874448346,0.0063909789419923,0.610118324372972
var_Subc,var,0.6370141865941896,0.6288635644686875,0.008150622125502105,0.021961255606267317,0.0060653293866069,0.5037478849837518
falff_VentSal,falff,0.8130633030520099,0.8114586804436976,0.0016046226083122894,0.008510721215320208,0.003142986214522,0.7230888679570944
falff_CentExe,falff,0.8113473181447535,0.8098936798465864,0.001453638298167026,0.007646449086984362,8.571407255253405e-05,0.7375202226904976
session_1vs2,session,0.009516218788458,0.0029792785952417,0.0065369401932163,0.006556473755135205,3.9778230397469194e-05,0.0023205101273997
rawalff_DefaMod,rawalff,0.6660284334391866,0.6646742598711034,0.0013541735680832057,0.004038382402623407,0.0027868279923403,0.5882047540980516
runphase_LRvsRL,runphase,0.0596175550491204,0.0681965760403617,-0.008579020991241297,-0.009206900050640843,-8.102522764663611e-05,0.0108874460667407
var_VentSal,var,0.793891367106855,0.801106156116071,-0.007214789009216016,-0.03627457174303717,0.0079323435469114,0.657789859941533
rawalff_CentExe,rawalff,0.6832895866772741,0.6970194634096447,-0.013729876732370583,-0.045316035435418275,0.0033677051098359,0.6102114525227854
var_CentExe,var,0.7670076738864557,0.7905334169165252,-0.02352574303006949,-0.11231263089203217,0.0069463155292895,0.6152049331789411
var_Sens,var,0.8953301048041449,0.9087598657000052,-0.013429760895860343,-0.14719137580073807,0.0108083098980544,0.7777841019076661
var_Visu,var,0.9212911301596876,0.935446591731264,-0.014155461571576433,-0.2192829464967552,0.0075586580744154,0.8563769149255818
