source,feature,family,r2,n_windows
frozen_mean,fc_mean,fc,0.9452712253449245,22482
frozen_mean,fc_sd,fc,0.8727483308511264,22482
frozen_mean,netfc_Visu__Visu,netfc,0.8670877113825745,22482
frozen_mean,netfc_Visu__Sens,netfc,0.8680163441774382,22482
frozen_mean,netfc_Visu__VentSal,netfc,0.8245990076420924,22482
frozen_mean,netfc_Visu__DorsSal,netfc,0.8544602561101915,22482
frozen_mean,netfc_Visu__CentExe,netfc,0.8035421136883055,22482
frozen_mean,netfc_Visu__DefaMod,netfc,0.8340182018338899,22482
frozen_mean,netfc_Visu__Subc,netfc,0.5759408336884917,22482
frozen_mean,netfc_Sens__Sens,netfc,0.9027300294966022,22482
frozen_mean,netfc_Sens__VentSal,netfc,0.8883943707360061,22482
frozen_mean,netfc_Sens__DorsSal,netfc,0.8728715239578182,22482
frozen_mean,netfc_Sens__CentExe,netfc,0.8126071212220903,22482
frozen_mean,netfc_Sens__DefaMod,netfc,0.866978238432472,22482
frozen_mean,netfc_Sens__Subc,netfc,0.6275190222664908,22482
frozen_mean,netfc_VentSal__VentSal,netfc,0.7985145186924432,22482
frozen_mean,netfc_VentSal__DorsSal,netfc,0.8065612047686492,22482
frozen_mean,netfc_VentSal__CentExe,netfc,0.8337042964712823,22482
frozen_mean,netfc_VentSal__DefaMod,netfc,0.8547794861498761,22482
frozen_mean,netfc_VentSal__Subc,netfc,0.6566380531312075,22482
frozen_mean,netfc_DorsSal__DorsSal,netfc,0.7380363796585743,22482
frozen_mean,netfc_DorsSal__CentExe,netfc,0.8001999017244289,22482
frozen_mean,netfc_DorsSal__DefaMod,netfc,0.841015480127805,22482
frozen_mean,netfc_DorsSal__Subc,netfc,0.6142171989333538,22482
frozen_mean,netfc_CentExe__CentExe,netfc,0.7699963399154497,22482
frozen_mean,netfc_CentExe__DefaMod,netfc,0.7933051951650085,22482
frozen_mean,netfc_CentExe__Subc,netfc,0.7482075686278702,22482
frozen_mean,netfc_DefaMod__DefaMod,netfc,0.7726611689510353,22482
frozen_mean,netfc_DefaMod__Subc,netfc,0.6770246957149613,22482
frozen_mean,netfc_Subc__Subc,netfc,0.6617254855745862,22482
frozen_mean,ac1_Visu,ac1,0.9198400287685268,22482
frozen_mean,slope_Visu,slope,0.8827626996794539,22482
frozen_mean,falff_Visu,falff,0.8673007483550744,22482
frozen_mean,var_Visu,var,0.9212911301596877,22482
frozen_mean,ac1_Sens,ac1,0.9280620007208102,22482
frozen_mean,slope_Sens,slope,0.898783205489037,22482
frozen_mean,falff_Sens,falff,0.8797082979454142,22482
frozen_mean,var_Sens,var,0.8953301048041449,22482
frozen_mean,ac1_VentSal,ac1,0.881778216684027,22482
frozen_mean,slope_VentSal,slope,0.8387869646784164,22482
frozen_mean,falff_VentSal,falff,0.8130633030520099,22482
frozen_mean,var_VentSal,var,0.793891367106855,22482
frozen_mean,ac1_DorsSal,ac1,0.8582261038719445,22482
frozen_mean,slope_DorsSal,slope,0.818717177417563,22482
frozen_mean,falff_DorsSal,falff,0.7956139907724894,22482
frozen_mean,var_DorsSal,var,0.8247073877499953,22482
frozen_mean,ac1_CentExe,ac1,0.8905293293139457,22482
frozen_mean,slope_CentExe,slope,0.854200854688423,22482
frozen_mean,falff_CentExe,falff,0.8113473181447535,22482
frozen_mean,var_CentExe,var,0.7670076738864557,22482
frozen_mean,ac1_DefaMod,ac1,0.8716190693744329,22482
frozen_mean,slope_DefaMod,slope,0.8351135792138584,22482
frozen_mean,falff_DefaMod,falff,0.8041258480047592,22482
frozen_mean,var_DefaMod,var,0.7742472562655981,22482
frozen_mean,ac1_Subc,ac1,0.7548706598319902,22482
frozen_mean,slope_Subc,slope,0.7098386084328205,22482
frozen_mean,falff_Subc,falff,0.6910784984154724,22482
frozen_mean,var_Subc,var,0.6370141865941896,22482
frozen_mean,rawvar_Visu,rawvar,0.7130935893538972,22482
frozen_mean,rawalff_Visu,rawalff,0.8008963381563742,22482
frozen_mean,iqr_Visu,iqr,0.7130855348226699,22482
frozen_mean,rawvar_Sens,rawvar,0.6465653247330762,22482
frozen_mean,rawalff_Sens,rawalff,0.8026104012000796,22482
frozen_mean,iqr_Sens,iqr,0.6265270497107425,22482
frozen_mean,rawvar_VentSal,rawvar,0.45334942091469976,22482
frozen_mean,rawalff_VentSal,rawalff,0.7107282006863933,22482
frozen_mean,iqr_VentSal,iqr,0.3897467369480706,22482
frozen_mean,rawvar_DorsSal,rawvar,0.46335023960353705,22482
frozen_mean,rawalff_DorsSal,rawalff,0.6385785327723477,22482
frozen_mean,iqr_DorsSal,iqr,0.42918226935752557,22482
frozen_mean,rawvar_CentExe,rawvar,0.3160295599544317,22482
frozen_mean,rawalff_CentExe,rawalff,0.6832895866772741,22482
frozen_mean,iqr_CentExe,iqr,0.2774213318280563,22482
frozen_mean,rawvar_DefaMod,rawvar,0.32442264429823575,22482
frozen_mean,rawalff_DefaMod,rawalff,0.6660284334391866,22482
frozen_mean,iqr_DefaMod,iqr,0.3195277925415432,22482
frozen_mean,rawvar_Subc,rawvar,0.2548577687687015,22482
frozen_mean,rawalff_Subc,rawalff,0.6067088173850166,22482
frozen_mean,iqr_Subc,iqr,0.2331786805930166,22482
frozen_mean,window_index,window,0.35672104396778703,22482
frozen_mean,runphase_LRvsRL,runphase,0.059617555049120474,22482
frozen_mean,session_1vs2,session,0.009516218788458097,22482
frozen_cls,fc_mean,fc,0.8538251625139964,22482
frozen_cls,fc_sd,fc,0.8134289302761758,22482
frozen_cls,netfc_Visu__Visu,netfc,0.8078473404127813,22482
frozen_cls,netfc_Visu__Sens,netfc,0.7928638003988208,22482
frozen_cls,netfc_Visu__VentSal,netfc,0.745232344459138,22482
frozen_cls,netfc_Visu__DorsSal,netfc,0.7711349864680148,22482
frozen_cls,netfc_Visu__CentExe,netfc,0.6896947790641247,22482
frozen_cls,netfc_Visu__DefaMod,netfc,0.7506644491810867,22482
frozen_cls,netfc_Visu__Subc,netfc,0.47067110956739444,22482
frozen_cls,netfc_Sens__Sens,netfc,0.820668814571268,22482
frozen_cls,netfc_Sens__VentSal,netfc,0.8003647887893195,22482
frozen_cls,netfc_Sens__DorsSal,netfc,0.7848261708142771,22482
frozen_cls,netfc_Sens__CentExe,netfc,0.688356696300558,22482
frozen_cls,netfc_Sens__DefaMod,netfc,0.7832536822641085,22482
frozen_cls,netfc_Sens__Subc,netfc,0.50620842605686,22482
frozen_cls,netfc_VentSal__VentSal,netfc,0.7035267534716991,22482
frozen_cls,netfc_VentSal__DorsSal,netfc,0.7060362872792185,22482
frozen_cls,netfc_VentSal__CentExe,netfc,0.7072639202473994,22482
frozen_cls,netfc_VentSal__DefaMod,netfc,0.7541015113808553,22482
frozen_cls,netfc_VentSal__Subc,netfc,0.530321599528508,22482
frozen_cls,netfc_DorsSal__DorsSal,netfc,0.6359251365315669,22482
frozen_cls,netfc_DorsSal__CentExe,netfc,0.6645707436798411,22482
frozen_cls,netfc_DorsSal__DefaMod,netfc,0.7460745064784124,22482
frozen_cls,netfc_DorsSal__Subc,netfc,0.4877631011772574,22482
frozen_cls,netfc_CentExe__CentExe,netfc,0.6399092297281376,22482
frozen_cls,netfc_CentExe__DefaMod,netfc,0.652633983613703,22482
frozen_cls,netfc_CentExe__Subc,netfc,0.6283894765807212,22482
frozen_cls,netfc_DefaMod__DefaMod,netfc,0.6838815871672763,22482
frozen_cls,netfc_DefaMod__Subc,netfc,0.5579684880880218,22482
frozen_cls,netfc_Subc__Subc,netfc,0.5691341118178166,22482
frozen_cls,ac1_Visu,ac1,0.8966239418601935,22482
frozen_cls,slope_Visu,slope,0.8552243273489974,22482
frozen_cls,falff_Visu,falff,0.8228627275888949,22482
frozen_cls,var_Visu,var,0.8563769149255818,22482
frozen_cls,ac1_Sens,ac1,0.8701173694041606,22482
frozen_cls,slope_Sens,slope,0.8273484035936942,22482
frozen_cls,falff_Sens,falff,0.7952115464589821,22482
frozen_cls,var_Sens,var,0.7777841019076661,22482
frozen_cls,ac1_VentSal,ac1,0.8180038341837824,22482
frozen_cls,slope_VentSal,slope,0.7555643257361727,22482
frozen_cls,falff_VentSal,falff,0.7230888679570944,22482
frozen_cls,var_VentSal,var,0.657789859941533,22482
frozen_cls,ac1_DorsSal,ac1,0.7923614124167104,22482
frozen_cls,slope_DorsSal,slope,0.738183970539807,22482
frozen_cls,falff_DorsSal,falff,0.7041206575019119,22482
frozen_cls,var_DorsSal,var,0.6898318397472565,22482
frozen_cls,ac1_CentExe,ac1,0.8375243255159001,22482
frozen_cls,slope_CentExe,slope,0.7849693671490101,22482
frozen_cls,falff_CentExe,falff,0.7375202226904976,22482
frozen_cls,var_CentExe,var,0.6152049331789411,22482
frozen_cls,ac1_DefaMod,ac1,0.8181517745946303,22482
frozen_cls,slope_DefaMod,slope,0.7639584805368994,22482
frozen_cls,falff_DefaMod,falff,0.7236599629355066,22482
frozen_cls,var_DefaMod,var,0.610118324372972,22482
frozen_cls,ac1_Subc,ac1,0.6985067309595141,22482
frozen_cls,slope_Subc,slope,0.6422503296380591,22482
frozen_cls,falff_Subc,falff,0.6168618163248634,22482
frozen_cls,var_Subc,var,0.5037478849837518,22482
frozen_cls,rawvar_Visu,rawvar,0.6681168226716554,22482
frozen_cls,rawalff_Visu,rawalff,0.7490434019721776,22482
frozen_cls,iqr_Visu,iqr,0.6679161545525989,22482
frozen_cls,rawvar_Sens,rawvar,0.5632754523118755,22482
frozen_cls,rawalff_Sens,rawalff,0.7119625627930444,22482
frozen_cls,iqr_Sens,iqr,0.5656565203816177,22482
frozen_cls,rawvar_VentSal,rawvar,0.3877692417113645,22482
frozen_cls,rawalff_VentSal,rawalff,0.6208017549690494,22482
frozen_cls,iqr_VentSal,iqr,0.3352487349625163,22482
frozen_cls,rawvar_DorsSal,rawvar,0.4093531332581274,22482
frozen_cls,rawalff_DorsSal,rawalff,0.5614251362172231,22482
frozen_cls,iqr_DorsSal,iqr,0.3848023323405081,22482
frozen_cls,rawvar_CentExe,rawvar,0.2559515761854608,22482
frozen_cls,rawalff_CentExe,rawalff,0.6102114525227854,22482
frozen_cls,iqr_CentExe,iqr,0.17742729927002499,22482
frozen_cls,rawvar_DefaMod,rawvar,0.26851071896911416,22482
frozen_cls,rawalff_DefaMod,rawalff,0.5882047540980516,22482
frozen_cls,iqr_DefaMod,iqr,0.22187838309314067,22482
frozen_cls,rawvar_Subc,rawvar,0.19795193061638006,22482
frozen_cls,rawalff_Subc,rawalff,0.526646453866322,22482
frozen_cls,iqr_Subc,iqr,0.13741220851072067,22482
frozen_cls,window_index,window,0.305069840190597,22482
frozen_cls,runphase_LRvsRL,runphase,0.010887446066740747,22482
frozen_cls,session_1vs2,session,0.0023205101273997553,22482
random_init_mean,fc_mean,fc,0.7355790233781105,22482
random_init_mean,fc_sd,fc,0.7839995876218321,22482
random_init_mean,netfc_Visu__Visu,netfc,0.6989951434056931,22482
random_init_mean,netfc_Visu__Sens,netfc,0.6662123729447262,22482
random_init_mean,netfc_Visu__VentSal,netfc,0.6182050984157155,22482
random_init_mean,netfc_Visu__DorsSal,netfc,0.6355951286871768,22482
random_init_mean,netfc_Visu__CentExe,netfc,0.5352256659696413,22482
random_init_mean,netfc_Visu__DefaMod,netfc,0.6376564505096491,22482
random_init_mean,netfc_Visu__Subc,netfc,0.3693280587317245,22482
random_init_mean,netfc_Sens__Sens,netfc,0.7710220991764157,22482
random_init_mean,netfc_Sens__VentSal,netfc,0.7385828689239461,22482
random_init_mean,netfc_Sens__DorsSal,netfc,0.6525738708439337,22482
random_init_mean,netfc_Sens__CentExe,netfc,0.5720819374283039,22482
random_init_mean,netfc_Sens__DefaMod,netfc,0.6849668817607821,22482
random_init_mean,netfc_Sens__Subc,netfc,0.4472811521446389,22482
random_init_mean,netfc_VentSal__VentSal,netfc,0.6790051213194699,22482
random_init_mean,netfc_VentSal__DorsSal,netfc,0.5979084666611143,22482
random_init_mean,netfc_VentSal__CentExe,netfc,0.611972380364231,22482
random_init_mean,netfc_VentSal__DefaMod,netfc,0.6422857405086175,22482
random_init_mean,netfc_VentSal__Subc,netfc,0.4774972131530222,22482
random_init_mean,netfc_DorsSal__DorsSal,netfc,0.5241467796177423,22482
random_init_mean,netfc_DorsSal__CentExe,netfc,0.5393465058963214,22482
random_init_mean,netfc_DorsSal__DefaMod,netfc,0.6229993569050778,22482
random_init_mean,netfc_DorsSal__Subc,netfc,0.3911839774531365,22482
random_init_mean,netfc_CentExe__CentExe,netfc,0.5798507906727848,22482
random_init_mean,netfc_CentExe__DefaMod,netfc,0.5643207570845579,22482
random_init_mean,netfc_CentExe__Subc,netfc,0.5456905621790893,22482
random_init_mean,netfc_DefaMod__DefaMod,netfc,0.6645037774890995,22482
random_init_mean,netfc_DefaMod__Subc,netfc,0.45556961838537113,22482
random_init_mean,netfc_Subc__Subc,netfc,0.52032012364432,22482
random_init_mean,ac1_Visu,ac1,0.857627918257813,22482
random_init_mean,slope_Visu,slope,0.8161881897499814,22482
random_init_mean,falff_Visu,falff,0.8199021310821862,22482
random_init_mean,var_Visu,var,0.9354465917312639,22482
random_init_mean,ac1_Sens,ac1,0.8759246484861565,22482
random_init_mean,slope_Sens,slope,0.8484324727222918,22482
random_init_mean,falff_Sens,falff,0.8388287528831551,22482
random_init_mean,var_Sens,var,0.9087598657000053,22482
random_init_mean,ac1_VentSal,ac1,0.8663486120240385,22482
random_init_mean,slope_VentSal,slope,0.8197134102076216,22482
random_init_mean,falff_VentSal,falff,0.8114586804436976,22482
random_init_mean,var_VentSal,var,0.801106156116071,22482
random_init_mean,ac1_DorsSal,ac1,0.8004360501061886,22482
random_init_mean,slope_DorsSal,slope,0.752312042808915,22482
random_init_mean,falff_DorsSal,falff,0.745901380540405,22482
random_init_mean,var_DorsSal,var,0.737479165771318,22482
random_init_mean,ac1_CentExe,ac1,0.8795980376536316,22482
random_init_mean,slope_CentExe,slope,0.8357887281679799,22482
random_init_mean,falff_CentExe,falff,0.8098936798465864,22482
random_init_mean,var_CentExe,var,0.7905334169165252,22482
random_init_mean,ac1_DefaMod,ac1,0.8552568709772138,22482
random_init_mean,slope_DefaMod,slope,0.8118094642507555,22482
random_init_mean,falff_DefaMod,falff,0.7938059113813702,22482
random_init_mean,var_DefaMod,var,0.7687923290918092,22482
random_init_mean,ac1_Subc,ac1,0.6814783824010628,22482
random_init_mean,slope_Subc,slope,0.647202897386502,22482
random_init_mean,falff_Subc,falff,0.658572602238847,22482
random_init_mean,var_Subc,var,0.6288635644686875,22482
random_init_mean,rawvar_Visu,rawvar,0.6415679574136095,22482
random_init_mean,rawalff_Visu,rawalff,0.7456071072950449,22482
random_init_mean,iqr_Visu,iqr,0.6024573277218077,22482
random_init_mean,rawvar_Sens,rawvar,0.5528637121934517,22482
random_init_mean,rawalff_Sens,rawalff,0.751037976679987,22482
random_init_mean,iqr_Sens,iqr,0.5020516384053557,22482
random_init_mean,rawvar_VentSal,rawvar,0.4054506489051444,22482
random_init_mean,rawalff_VentSal,rawalff,0.7024937764038339,22482
random_init_mean,iqr_VentSal,iqr,0.3158584950096909,22482
random_init_mean,rawvar_DorsSal,rawvar,0.421069107840899,22482
random_init_mean,rawalff_DorsSal,rawalff,0.6015801680364863,22482
random_init_mean,iqr_DorsSal,iqr,0.3665956412337612,22482
random_init_mean,rawvar_CentExe,rawvar,0.2821648096350392,22482
random_init_mean,rawalff_CentExe,rawalff,0.6970194634096447,22482
random_init_mean,iqr_CentExe,iqr,0.19691243239939793,22482
random_init_mean,rawvar_DefaMod,rawvar,0.2925877535509692,22482
random_init_mean,rawalff_DefaMod,rawalff,0.6646742598711034,22482
random_init_mean,iqr_DefaMod,iqr,0.22193552624610868,22482
random_init_mean,rawvar_Subc,rawvar,0.1787620985176296,22482
random_init_mean,rawalff_Subc,rawalff,0.5869846049506937,22482
random_init_mean,iqr_Subc,iqr,0.1102786058630737,22482
random_init_mean,window_index,window,0.31999925928827366,22482
random_init_mean,runphase_LRvsRL,runphase,0.06819657604036178,22482
random_init_mean,session_1vs2,session,0.002979278595241719,22482
random_proj,fc_mean,fc,0.006259407491827629,22482
random_proj,fc_sd,fc,0.001266999169993177,22482
random_proj,netfc_Visu__Visu,netfc,0.001785591466056169,22482
random_proj,netfc_Visu__Sens,netfc,0.005180318967173303,22482
random_proj,netfc_Visu__VentSal,netfc,0.003199536292754601,22482
random_proj,netfc_Visu__DorsSal,netfc,0.0017845540438067298,22482
random_proj,netfc_Visu__CentExe,netfc,0.0054340945859961964,22482
random_proj,netfc_Visu__DefaMod,netfc,0.005581793705697002,22482
random_proj,netfc_Visu__Subc,netfc,0.0024925207004296013,22482
random_proj,netfc_Sens__Sens,netfc,0.005317424587739761,22482
random_proj,netfc_Sens__VentSal,netfc,0.005279617851231544,22482
random_proj,netfc_Sens__DorsSal,netfc,0.004302676438488473,22482
random_proj,netfc_Sens__CentExe,netfc,0.006946248705509417,22482
random_proj,netfc_Sens__DefaMod,netfc,0.0051864340476569515,22482
random_proj,netfc_Sens__Subc,netfc,0.00496148340578495,22482
random_proj,netfc_VentSal__VentSal,netfc,0.002317216951829293,22482
random_proj,netfc_VentSal__DorsSal,netfc,0.0024711416620495363,22482
random_proj,netfc_VentSal__CentExe,netfc,0.005726243194387748,22482
random_proj,netfc_VentSal__DefaMod,netfc,0.006143841210403567,22482
random_proj,netfc_VentSal__Subc,netfc,0.0034712315896883172,22482
random_proj,netfc_DorsSal__DorsSal,netfc,0.0013761885114752515,22482
random_proj,netfc_DorsSal__CentExe,netfc,0.005868207733026876,22482
random_proj,netfc_DorsSal__DefaMod,netfc,0.00594154526172419,22482
random_proj,netfc_DorsSal__Subc,netfc,0.0030774848023179535,22482
random_proj,netfc_CentExe__CentExe,netfc,0.0031013022245474087,22482
random_proj,netfc_CentExe__DefaMod,netfc,0.004304780649992845,22482
random_proj,netfc_CentExe__Subc,netfc,0.0043641489689031365,22482
random_proj,netfc_DefaMod__DefaMod,netfc,0.002427818633528922,22482
random_proj,netfc_DefaMod__Subc,netfc,0.004907310952212529,22482
random_proj,netfc_Subc__Subc,netfc,0.0028658033804196403,22482
random_proj,ac1_Visu,ac1,0.002772794210678664,22482
random_proj,slope_Visu,slope,0.004283605821034375,22482
random_proj,falff_Visu,falff,0.005617282399818069,22482
random_proj,var_Visu,var,0.00755865807441547,22482
random_proj,ac1_Sens,ac1,0.005228672138028245,22482
random_proj,slope_Sens,slope,0.006623924531257819,22482
random_proj,falff_Sens,falff,0.007588418792753515,22482
random_proj,var_Sens,var,0.01080830989805448,22482
random_proj,ac1_VentSal,ac1,0.00013956041717066991,22482
random_proj,slope_VentSal,slope,0.00025277298787251823,22482
random_proj,falff_VentSal,falff,0.0031429862145220255,22482
random_proj,var_VentSal,var,0.007932343546911413,22482
random_proj,ac1_DorsSal,ac1,-0.0015278856124565365,22482
random_proj,slope_DorsSal,slope,-0.0012895979175495675,22482
random_proj,falff_DorsSal,falff,0.0013512174519401121,22482
random_proj,var_DorsSal,var,0.006510611822586165,22482
random_proj,ac1_CentExe,ac1,-0.0021952007410919183,22482
random_proj,slope_CentExe,slope,-0.0021627286985492766,22482
random_proj,falff_CentExe,falff,8.571407255253405e-05,22482
random_proj,var_CentExe,var,0.006946315529289593,22482
random_proj,ac1_DefaMod,ac1,-0.0026249898513421854,22482
random_proj,slope_DefaMod,slope,-0.002478616035164416,22482
random_proj,falff_DefaMod,falff,-5.5698867607034686e-06,22482
random_proj,var_DefaMod,var,0.006390978941992365,22482
random_proj,ac1_Subc,ac1,0.0016207470756903763,22482
random_proj,slope_Subc,slope,0.0029856970265508265,22482
random_proj,falff_Subc,falff,0.004587142419539503,22482
random_proj,var_Subc,var,0.006065329386606977,22482
random_proj,rawvar_Visu,rawvar,0.004771231512318175,22482
random_proj,rawalff_Visu,rawalff,0.0070453685555492696,22482
random_proj,iqr_Visu,iqr,0.0010502716541731516,22482
random_proj,rawvar_Sens,rawvar,0.005778476680046496,22482
random_proj,rawalff_Sens,rawalff,0.008411553040047592,22482
random_proj,iqr_Sens,iqr,0.0005598180268417963,22482
random_proj,rawvar_VentSal,rawvar,0.0034558323883983055,22482
random_proj,rawalff_VentSal,rawalff,0.005993801677624644,22482
random_proj,iqr_VentSal,iqr,-0.00028355897869536406,22482
random_proj,rawvar_DorsSal,rawvar,0.002677025170269798,22482
random_proj,rawalff_DorsSal,rawalff,0.004321562904128773,22482
random_proj,iqr_DorsSal,iqr,-0.0007702680052461552,22482
random_proj,rawvar_CentExe,rawvar,0.0006822485431757785,22482
random_proj,rawalff_CentExe,rawalff,0.0033677051098359723,22482
random_proj,iqr_CentExe,iqr,-0.002220004369814399,22482
random_proj,rawvar_DefaMod,rawvar,0.00019955790337722323,22482
random_proj,rawalff_DefaMod,rawalff,0.0027868279923403128,22482
random_proj,iqr_DefaMod,iqr,-0.0022195011956258615,22482
random_proj,rawvar_Subc,rawvar,0.001054636970727496,22482
random_proj,rawalff_Subc,rawalff,0.0064567572546878615,22482
random_proj,iqr_Subc,iqr,-0.0011821172798214263,22482
random_proj,window_index,window,0.03675063310592075,22482
random_proj,runphase_LRvsRL,runphase,-8.102522764663611e-05,22482
random_proj,session_1vs2,session,3.9778230397469194e-05,22482
