k,ablation_share,projection_r2_refit_upper_bound
1,-0.8040791768666815,0.48378796555143777
2,-0.04680064355494484,0.5997877420387072
3,0.2209912999466903,0.6009424580369953
4,-0.16857707464368255,0.6031931835932782
5,-0.7386328194325082,0.6035050308058802
6,-1.453141193851636,0.6035051440583759
7,-0.8978386525529145,0.6371837003878764
8,-1.0325800659029682,0.7131185587452633
9,-0.6172229089741836,0.7152547666651301
10,-0.24542417362698155,0.7434916605515778
11,-0.07615894702217552,0.7435916228052344
12,0.15256804453354678,0.7997320948687203
13,0.22872234949800918,0.7998691027320781
14,0.2443889039694549,0.8016808407491468
15,0.33405590165113674,0.8051065752280591
16,0.2573498020282692,0.8300571292221883
17,0.3794639470955271,0.8407375098827687
18,0.34562903695416436,0.8431493299195408
19,0.29790948276328455,0.8465239533964972
20,0.3239577626565877,0.846532778276336
21,0.3584010036577583,0.8467083952242174
22,0.41931106845370625,0.8467153609101103
23,0.3737492308360658,0.8471218888629745
24,0.32633684053479095,0.8509684977610426
25,0.38176784932429464,0.8513950203921758
26,0.4280834899238678,0.8613989029747063
27,0.43701784993267556,0.8626434512819352
28,0.4647805803229126,0.8656504235299186
29,0.5868419491676178,0.9158601259522179
30,0.594925163424288,0.9187026894054199
37,0.46595399926370706,0.9347635759929253
46,0.37817191719297694,0.9420781301486059
57,0.6673184449107034,0.9564792161785116
71,0.6901944740109668,0.9689340901897422
87,0.7700478103265944,0.9781834549666939
108,0.8538562983962708,0.9860923596444815
134,0.9220868989339894,0.9913976140434836
166,0.8954424307824483,0.993886991039282
206,0.9424535791440338,0.9961866889206356
255,0.9691564877510924,0.9975153746814546
315,0.9826896476135353,0.9985598662757021
390,0.9915474428055965,0.9992367606388838
483,0.9940681421445037,0.999640928033652
598,0.9956931715058898,0.9999432579828624
740,0.9976798965014297,1.0
916,0.9989939589954706,1.0
1134,0.9993883791287342,1.0
1403,0.999595539713738,1.0
1737,0.9998037163777639,1.0
2149,0.9999640546475278,1.0
2660,0.9999912563702257,1.0
3292,0.9999997860912356,1.0
4075,1.0,1.0
