feature,r2,frac_of_model
slope_CentExe,0.05833123057768985,0.9599803776830781
ac1_CentExe,0.05565620891948386,0.9159564769986104
falff_CentExe,0.04571519918285194,0.752353306158373
slope_DefaMod,0.045521869276596294,0.7491715986136035
ac1_DefaMod,0.044572187100279326,0.7335422994325171
slope_DorsSal,0.043917209344102925,0.7227630686924627
ac1_DorsSal,0.0415004674727365,0.6829897816991964
slope_VentSal,0.04062520738279807,0.6685852765415187
ac1_VentSal,0.03779860770197685,0.6220667957503478
falff_DefaMod,0.03373057187467077,0.555117504071608
netfc_DorsSal__DorsSal,0.03113434023115469,0.5123902821527108
netfc_CentExe__CentExe,0.029814734184729352,0.49067299797587416
falff_VentSal,0.027471120022734996,0.45210320292623485
falff_DorsSal,0.027213490409196517,0.4478632893969357
slope_Subc,0.023309899955459623,0.3836203409628653
netfc_VentSal__VentSal,0.022636587415620024,0.37253936735931525
netfc_VentSal__DorsSal,0.021449537208111935,0.35300360760854743
netfc_CentExe__DefaMod,0.021182182539811856,0.3486036449657533
ac1_Subc,0.02106973893530173,0.3467531156205527
netfc_VentSal__Subc,0.019195235356494034,0.315903660950547
netfc_DorsSal__CentExe,0.01901227678249573,0.31289263856634886
netfc_CentExe__Subc,0.018265918674887027,0.3006095248563654
netfc_VentSal__CentExe,0.01802559372182022,0.2966544010414397
falff_Subc,0.017925356870067133,0.29500476310562534
slope_Visu,0.017304228389699916,0.284782603427741
fc_sd,0.017289731400633168,0.28454402068395623
netfc_Subc__Subc,0.01706458173133607,0.2808386425798688
ac1_Visu,0.016675827787985265,0.27444076354204117
netfc_Visu__Subc,0.01583296903241449,0.2605695000954615
netfc_DefaMod__DefaMod,0.01571075555721102,0.25855818408306347
netfc_DorsSal__Subc,0.015667316568359402,0.25784329128016936
netfc_Visu__CentExe,0.014186540871975017,0.23347357375148248
fc_mean,0.013151445266005424,0.21643859161728354
netfc_Visu__VentSal,0.012403838135027545,0.2041349222304559
netfc_DefaMod__Subc,0.01207780388485824,0.1987692462535315
slope_Sens,0.011899845516167185,0.19584051424674878
ac1_Sens,0.01127968319853645,0.1856342550952117
netfc_Visu__DorsSal,0.011115741271981894,0.18293619727929913
netfc_Sens__DorsSal,0.010514443971020748,0.17304040724778774
netfc_Sens__Subc,0.010134352916437273,0.16678509683312007
netfc_Sens__VentSal,0.00877604231798812,0.14443083637270607
netfc_Visu__Visu,0.008350687931311218,0.13743060920919029
netfc_Sens__CentExe,0.008325422139465188,0.13701479997357832
falff_Visu,0.006814918058164476,0.11215583053134107
netfc_VentSal__DefaMod,0.005715827678658081,0.09406766082915863
falff_Sens,0.005453447139904255,0.08974955942455831
netfc_Visu__DefaMod,0.005021834727753527,0.08264634143437187
netfc_Sens__Sens,0.0048988271304344355,0.08062195623689185
netfc_DorsSal__DefaMod,0.004593089958672469,0.07559031739243269
netfc_Visu__Sens,0.0033554177262582474,0.05522145074322993
netfc_Sens__DefaMod,0.0026571676500765085,0.043730070136105234
