feature_set,n_features,train_cv_r2,train_cv_r,holdout_r2,holdout_r,holdout_r2_lo,holdout_r2_hi,holdout_r_lo,holdout_r_hi,holdout_r_p,pct_of_model
BrainLM frozen embedding (the model),512,0.08200655717731165,0.2940748967426835,0.049051294832705095,0.22163162322780053,-0.006101075234908864,0.09334640191202143,0.10719296668234235,0.3302745201954829,0.0001761819109817577,100.0
nominated_sae,3,0.04854104258630565,0.22166175584081632,0.04744814289739396,0.21795554258112926,-0.010703684138232061,0.09438178876793568,0.10337309824796899,0.3268287990938527,0.00022723521132542577,96.73168273991776
centexe_only,10,0.05309810345604593,0.23110748619411475,0.03953166009433262,0.2014076637380705,-0.021787011069980024,0.08667631144146842,0.08621970927522583,0.31128195989824814,0.0006774316160170838,80.59249043100647
fc_global,2,0.021579945899080966,0.14744190144615454,-0.007654320410406923,0.04797449356803659,-0.05163365260997578,0.026057986533658498,-0.06964072615844977,0.16427423594416551,0.42425091841578555,-15.604726514382211
netfc,28,0.04884964698498362,0.2219810842944377,0.0034402903760656356,0.11926107147898105,-0.053165063470250004,0.051071971689754046,0.002066381663938769,0.2332241275680269,0.046109287360179635,7.013658635922108
ac1,7,0.046720296372894765,0.21740975645171157,0.05115340807059954,0.22663782178689118,-0.0038851735445675937,0.09530463787451927,0.11240041876856093,0.3349623558466621,0.00012371052414035595,104.28554076923746
spectral,14,0.04452619316919593,0.21249627800514687,0.05408443930036111,0.2336612104096964,-0.001251218051873004,0.09751754614209636,0.11971674603120805,0.3415300739420886,7.429799120024072e-05,110.26098186566146
all_explicit,51,0.05599357690225382,0.23806151644602125,0.03295810920425113,0.1903512646623729,-0.02824435092859461,0.08418316621260556,0.07479667367267284,0.30086152230224805,0.0013403654673442322,67.1911094633861
bootstrap_90pct,1,0.04378927115692577,0.2093780181550721,-0.0032478208284840715,0.09888813599372978,-0.058220487200057486,0.04217203805374728,-0.018550479824426133,0.2136352499221642,0.09869303565356118,-6.621274401748468
