feature,selection_count,selection_frac
netfc_DorsSal__DorsSal,95,0.95
slope_CentExe,89,0.89
netfc_DefaMod__DefaMod,81,0.81
netfc_Sens__CentExe,72,0.72
netfc_DorsSal__Subc,66,0.66
ac1_DefaMod,64,0.64
netfc_DefaMod__Subc,64,0.64
falff_Visu,61,0.61
netfc_CentExe__CentExe,61,0.61
netfc_Visu__Subc,59,0.59
netfc_Sens__DorsSal,58,0.58
falff_Sens,56,0.56
ac1_Subc,54,0.54
netfc_CentExe__DefaMod,53,0.53
netfc_VentSal__CentExe,52,0.52
netfc_VentSal__DefaMod,51,0.51
netfc_Visu__Sens,51,0.51
falff_DefaMod,50,0.5
falff_Subc,50,0.5
slope_Sens,49,0.49
netfc_Subc__Subc,48,0.48
netfc_Visu__Visu,45,0.45
netfc_Visu__VentSal,45,0.45
netfc_VentSal__VentSal,44,0.44
fc_sd,42,0.42
netfc_Sens__DefaMod,42,0.42
netfc_Visu__DorsSal,42,0.42
netfc_DorsSal__CentExe,40,0.4
netfc_Sens__Subc,40,0.4
netfc_VentSal__DorsSal,39,0.39
netfc_Visu__DefaMod,37,0.37
netfc_DorsSal__DefaMod,37,0.37
netfc_Visu__CentExe,37,0.37
ac1_VentSal,35,0.35
falff_VentSal,34,0.34
netfc_VentSal__Subc,33,0.33
falff_DorsSal,32,0.32
ac1_Visu,32,0.32
netfc_CentExe__Subc,32,0.32
slope_DorsSal,31,0.31
netfc_Sens__Sens,30,0.3
falff_CentExe,30,0.3
slope_Subc,30,0.3
slope_Visu,25,0.25
slope_DefaMod,25,0.25
slope_VentSal,23,0.23
ac1_DorsSal,23,0.23
ac1_Sens,19,0.19
ac1_CentExe,16,0.16
netfc_Sens__VentSal,16,0.16
fc_mean,0,0.0
