target,kind,n,r2,r,score
NEOFAC_N,continuous,938,-0.001955286865668482,0.02846365674579064,-0.001955286865668482
NEOFAC_E,continuous,938,-0.0037395972784584064,-0.05173932956625969,-0.0037395972784584064
NEOFAC_O,continuous,938,0.003820644338318191,0.062306473816518326,0.003820644338318191
NEOFAC_A,continuous,938,0.005557904497906052,0.08126268490981187,0.005557904497906052
NEOFAC_C,continuous,938,0.0021506584800509154,0.05882422430816496,0.0021506584800509154
CogTotalComp_Unadj,continuous,925,0.009722998021694518,0.12022968335741435,0.009722998021694518
CogFluidComp_Unadj,continuous,926,0.0052485492623906005,0.07544745098283238,0.0052485492623906005
CogCrystalComp_Unadj,continuous,933,0.028068424069461084,0.1808078942110537,0.028068424069461084
PMAT24_A_CR,continuous,936,0.034884120302248744,0.1976593280008009,0.034884120302248744
ListSort_Unadj,continuous,938,0.004408169065323486,0.071727369168621,0.004408169065323486
ProcSpeed_Unadj,continuous,938,-0.0030532688484621318,-0.016215720380443215,-0.0030532688484621318
ReadEng_Unadj,continuous,938,0.022071633609951236,0.15600297137771374,0.022071633609951236
PicVocab_Unadj,continuous,938,0.0016213396042460415,0.09039798231905845,0.0016213396042460415
PicSeq_Unadj,continuous,937,-0.007907553563002878,-0.04298339076749637,-0.007907553563002878
PSQI_Score,continuous,938,-0.003278614113267686,-0.05329576797565179,-0.003278614113267686
LifeSatisf_Unadj,continuous,937,-0.01180068786784827,-0.05791597138532052,-0.01180068786784827
PercStress_Unadj,continuous,937,0.0009022779100759104,0.04273233668774013,0.0009022779100759104
FearAffect_Unadj,continuous,937,-0.007666463873409413,-0.09869142366740047,-0.007666463873409413
Sadness_Unadj,continuous,937,-0.011986493564323686,-0.06892830881844438,-0.011986493564323686
Sex (F/M),positive_control,938,,,0.7596227797106757
PhaseEncode (LR/RL),acquisition_control,22482,,,0.5594697980606708
